CPPWA00A0067,c:\IBM\Sym71Compute\soam\deploy\EMRT\MarketRisk_1MCR\Prod_1MCR\Prod_1MCR.v27\java\bin\java.exe,java version "1.8.0_131"
CPPWA00A0067,c:\Program Files\Dell\SysMgt\jre\bin\java.exe,java version "1.8.0_74"
CPPWA00A0067,c:\Program Files\funb\packages\jre8_install\jre1.8.0_102\bin\java.exe,java version "1.8.0_102"
CPPWA00A0067,c:\qosmon\jre1.8.0_102\bin\java.exe,java version "1.8.0_102"
CPPWA00A0068,c:\IBM\Sym71Compute\soam\deploy\EMRT\MarketRisk_1MCR\Prod_1MCR\Prod_1MCR.v27\java\bin\java.exe,java version "1.8.0_131"
CPPWA00A0068,c:\Program Files\Dell\SysMgt\jre\bin\java.exe,java version "1.8.0_74"
CPPWA00A0068,c:\Program Files\funb\packages\jre8_install\jre1.8.0_102\bin\java.exe,java version "1.8.0_102"
CPPWA00A0068,c:\qosmon\jre1.8.0_102\bin\java.exe,java version "1.8.0_102"
CPPWA00A0069,c:\Firmware1\System_Bundle_Windows_x64_PEM610_v616\java\windows\x86_64\bin\java.exe,java version "1.7.0_04"
CPPWA00A0069,c:\IBM\Sym71Compute\soam\deploy\EMRT\MarketRisk_1MCR\Prod_1MCR\Prod_1MCR.v27\java\bin\java.exe,java version "1.8.0_131"
CPPWA00A0069,c:\Program Files\Dell\SysMgt\jre\bin\java.exe,java version "1.8.0_74"
CPPWA00A0069,c:\Program Files\funb\packages\jre8_install\jre1.8.0_102\bin\java.exe,java version "1.8.0_102"
CPPWA00A0069,c:\qosmon\jre1.8.0_102\bin\java.exe,java version "1.8.0_102"
CPPWA00A0070,c:\Firmware1\System_Bundle_Windows_x64_PEM610_v616\java\windows\x86_64\bin\java.exe,java version "1.7.0_04"
CPPWA00A0070,c:\IBM\Sym71Compute\soam\deploy\EMRT\MarketRisk_1MCR\Prod_1MCR\Prod_1MCR.v27\java\bin\java.exe,java version "1.8.0_131"
CPPWA00A0070,c:\IBM_old\Sym71Compute\soam_old\deploy\EMRT\MarketRisk_1MCR\Prod_1MCR\Prod_1MCR.v12\java\bin\java.exe,java version "1.8.0_112"
CPPWA00A0070,c:\Program Files\Dell\SysMgt\jre\bin\java.exe,java version "1.8.0_74"
CPPWA00A0070,c:\Program Files\funb\packages\jre8_install\jre1.8.0_102\bin\java.exe,java version "1.8.0_102"
CPPWA00A0070,c:\qosmon\jre1.8.0_102\bin\java.exe,java version "1.8.0_102"
CPPWA00A0071,c:\IBM\Sym71Compute\soam\deploy\EMRT\MarketRisk_1MCR\Prod_1MCR\Prod_1MCR.v27\java\bin\java.exe,java version "1.8.0_131"
CPPWA00A0071,c:\Program Files\Dell\SysMgt\jre\bin\java.exe,java version "1.8.0_74"
CPPWA00A0071,c:\Program Files\funb\packages\jre8_install\jre1.8.0_102\bin\java.exe,java version "1.8.0_102"
CPPWA00A0071,c:\qosmon\jre1.8.0_102\bin\java.exe,java version "1.8.0_102"
CPPWA00A0072,c:\IBM\Sym71Compute\soam\deploy\EMRT\MarketRisk_1MCR\Prod_1MCR\Prod_1MCR.v27\java\bin\java.exe,java version "1.8.0_131"
CPPWA00A0072,c:\Program Files\Dell\SysMgt\jre\bin\java.exe,java version "1.8.0_74"
CPPWA00A0072,c:\Program Files\funb\packages\jre8_install\jre1.8.0_102\bin\java.exe,java version "1.8.0_102"
CPPWA00A0072,c:\qosmon\jre1.8.0_102\bin\java.exe,java version "1.8.0_102"
CPPWA01A1000,c:\IBM\Sym71Compute\soam\deploy\EMRT\MarketRisk_1MCR\Prod_1MCR\Prod_1MCR.v27\java\bin\java.exe,java version "1.8.0_131"
CPPWA01A1000,c:\Program Files\Dell\SysMgt\jre\bin\java.exe,java version "1.8.0_74"
CPPWA01A1000,c:\Program Files\funb\packages\jre8_install\jre1.8.0_102\bin\java.exe,java version "1.8.0_102"
CPPWA01A1000,c:\qosmon\jre1.8.0_102\bin\java.exe,java version "1.8.0_102"
CPPWA02A1000,c:\$Recycle.Bin\S-1-5-21-1123561945-1708537768-1801674531-1198654\$RP1DCZ4\java\windows\i386\bin\java.exe,java version "1.6.0_26"
CPPWA02A1000,c:\IBM\Sym71Compute\soam\deploy\EMRT\MarketRisk_1MCR\Prod_1MCR\Prod_1MCR.v27\java\bin\java.exe,java version "1.8.0_131"
CPPWA02A1000,c:\Program Files\Dell\SysMgt\jre\bin\java.exe,java version "1.8.0_74"
CPPWA02A1000,c:\Program Files\funb\packages\jre8_install\jre1.8.0_102\bin\java.exe,java version "1.8.0_102"
CPPWA02A1000,c:\qosmon\jre1.8.0_102\bin\java.exe,java version "1.8.0_102"
CPPWA03A0008,c:\$Recycle.Bin\S-1-5-21-1123561945-1708537768-1801674531-1659277\$R5C3UW5\install-netprobe-3.0.16-windows-20140728\install-netprobe-3.0.16-windows-20140728\jre1.6.0_45\bin\java.exe,java version "1.6.0_45"
CPPWA03A0008,c:\$Recycle.Bin\S-1-5-21-1123561945-1708537768-1801674531-1659277\$R5C3UW5\jre1.6.0_45\bin\java.exe,java version "1.6.0_45"
CPPWA03A0008,c:\IBM\Sym71Compute\soam\deploy\EMRT\MarketRisk_1MCR\Prod_1MCR\Prod_1MCR.v27\java\bin\java.exe,java version "1.8.0_131"
CPPWA03A0008,c:\Program Files\Dell\SysMgt\jre\bin\java.exe,java version "1.8.0_74"
CPPWA03A0008,c:\Program Files\funb\packages\jre8_install\jre1.8.0_102\bin\java.exe,java version "1.8.0_102"
CPPWA03A0008,c:\Program Files\Opsware\agent_tools\java\jre1.6.0_141-64\bin\java.exe,java version "1.6.0_141"
CPPWA03A0008,c:\Program Files\Opsware\agent_tools\java\jre1.6.0_151-32\bin\java.exe,java version "1.6.0_151"
CPPWA03A0008,c:\Program Files\Opsware\agent_tools\java\jre1.6.0_151-64\bin\java.exe,java version "1.6.0_151"
CPPWA03A0008,c:\Program Files\Opsware\agent_tools\java\jre1.8.0_121-64\bin\java.exe,java version "1.8.0_121"
CPPWA03A0008,c:\Program Files\Opsware\agent_tools\java\jre1.8.0_131-32\bin\java.exe,java version "1.8.0_131"
CPPWA03A0008,c:\Program Files\Opsware\agent_tools\java\jre1.8.0_131-64\bin\java.exe,java version "1.8.0_131"
CPPWA03A0008,d:\qosmon\jre1.8.0_102\bin\java.exe,java version "1.8.0_102"
CPPWA03A1000,c:\$Recycle.Bin\S-1-5-21-1123561945-1708537768-1801674531-2219804\$R0L0H47\java\windows\x86_64\bin\java.exe,java version "1.7.0_04"
CPPWA03A1000,c:\IBM\Sym71Compute\soam\deploy\EMRT\MarketRisk_1MCR\Prod_1MCR\Prod_1MCR.v27\java\bin\java.exe,java version "1.8.0_131"
CPPWA03A1000,c:\Program Files\Dell\SysMgt\jre\bin\java.exe,java version "1.8.0_74"
CPPWA03A1000,c:\Program Files\funb\packages\jre8_install\jre1.8.0_102\bin\java.exe,java version "1.8.0_102"
CPPWA03A1000,c:\qosmon\jre1.8.0_102\bin\java.exe,java version "1.8.0_102"
CPPWA03A2000,c:\java\bin\java.exe,java version "1.8.0_131"
CPPWA03A2000,c:\Program Files\Dell\SysMgt\jre\bin\java.exe,java version "1.8.0_74"
CPPWA03A2000,c:\qosmon\jre1.8.0_102\bin\java.exe,java version "1.8.0_91"
CPPWA03A2000,d:\AutoSys 11.3\JRE_WA\bin\java.exe,java version "1.8.0_66"
CPPWA03A2000,d:\AutoSys 11.3\SystemAgent\autosys_dev\jre\bin\java.exe,java version "1.8.0_45"
CPPWA03A2000,d:\AutoSys 11.3\SystemAgent\autosys_prod\jre\bin\java.exe,java version "1.8.0_45"
CPPWA03A2000,d:\java\bin\java.exe,java version "1.8.0_131"
CPPWA03A2000,d:\oracle\jdk\bin\java.exe,java version "1.6.0_37"
CPPWA03A2000,d:\oracle\jdk\jre\bin\java.exe,java version "1.6.0_37"
CPPWA03A2000,d:\qosmon\jre1.8.0_102\bin\java.exe,java version "1.8.0_102"
CPPWA03A2000,d:\Sybase\jre64\bin\java.exe,java version "1.6.0_24"
CPPWA03A2000,d:\Sybase\Shared\JRE-6_0_24_32BIT\bin\java.exe,java version "1.6.0_24"
CPPWA03A2000,d:\Sybase\Shared\JRE-6_0_24_64BIT\bin\java.exe,java version "1.6.0_24"
CPPWA04A0008,c:\Program Files\Dell\SysMgt\jre\bin\java.exe,java version "1.8.0_74"
CPPWA04A0008,c:\Program Files\funb\packages\jre8_install\jre1.8.0_102\bin\java.exe,java version "1.8.0_102"
CPPWA04A0008,d:\IBM\Sym71Compute\soam\deploy\EMRT\MarketRisk_1MCR\Prod_1MCR\Prod_1MCR.v27\java\bin\java.exe,java version "1.8.0_131"
CPPWA04A0008,d:\qosmon\jre1.8.0_102\bin\java.exe,java version "1.8.0_102"
CPPWA04A1000,c:\java\bin\java.exe,java version "1.8.0_131"
CPPWA04A1000,c:\Program Files\Dell\SysMgt\jre\bin\java.exe,java version "1.8.0_74"
CPPWA04A1000,c:\Program Files\funb\packages\jre8_install\jre1.8.0_102\bin\java.exe,java version "1.8.0_102"
CPPWA04A1000,c:\qosmon\jre1.8.0_102\bin\java.exe,java version "1.8.0_102"
CPPWA04A2000,c:\java\bin\java.exe,java version "1.8.0_131"
CPPWA04A2000,c:\Program Files\Dell\SysMgt\jre\bin\java.exe,java version "1.8.0_74"
CPPWA04A2000,c:\qosmon\jre1.8.0_102\bin\java.exe,java version "1.8.0_91"
CPPWA04A2000,d:\AutoSys 11.3\JRE_WA\bin\java.exe,java version "1.8.0_66"
CPPWA04A2000,d:\AutoSys 11.3\SystemAgent\autosys_dev\jre\bin\java.exe,java version "1.8.0_45"
CPPWA04A2000,d:\AutoSys 11.3\SystemAgent\autosys_prod\jre\bin\java.exe,java version "1.8.0_45"
CPPWA04A2000,d:\java\bin\java.exe,java version "1.8.0_131"
CPPWA04A2000,d:\Oracle\jdk\bin\java.exe,java version "1.6.0_37"
CPPWA04A2000,d:\Oracle\jdk\jre\bin\java.exe,java version "1.6.0_37"
CPPWA04A2000,d:\qosmon\jre1.8.0_102\bin\java.exe,java version "1.8.0_102"
CPPWA04A2000,d:\Sybase\jre64\bin\java.exe,java version "1.6.0_24"
CPPWA04A2000,d:\Sybase\Shared\JRE-6_0_24_32BIT\bin\java.exe,java version "1.6.0_24"
CPPWA04A2000,d:\Sybase\Shared\JRE-6_0_24_64BIT\bin\java.exe,java version "1.6.0_24"
CPPWA05A0008,c:\Program Files\Dell\SysMgt\jre\bin\java.exe,java version "1.8.0_74"
CPPWA05A0008,c:\Program Files\funb\packages\jre8_install\jre1.8.0_102\bin\java.exe,java version "1.8.0_102"
CPPWA05A0008,d:\IBM\Sym71Compute\soam\deploy\EMRT\MarketRisk_1MCR\Prod_1MCR\Prod_1MCR.v27\java\bin\java.exe,java version "1.8.0_131"
CPPWA05A0008,d:\qosmon\jre1.8.0_102\bin\java.exe,java version "1.8.0_102"
CPPWA05A1000,c:\java\bin\java.exe,java version "1.8.0_131"
CPPWA05A1000,c:\Program Files\Dell\SysMgt\jre\bin\java.exe,java version "1.8.0_74"
CPPWA05A1000,c:\Program Files\funb\packages\jre8_install\jre1.8.0_102\bin\java.exe,java version "1.8.0_102"
CPPWA05A1000,c:\qosmon\jre1.8.0_102\bin\java.exe,java version "1.8.0_102"
CPPWA05A2000,c:\java\bin\java.exe,java version "1.8.0_131"
CPPWA05A2000,c:\Program Files\Dell\SysMgt\jre\bin\java.exe,java version "1.8.0_74"
CPPWA05A2000,c:\qosmon\jre1.8.0_102\bin\java.exe,java version "1.8.0_91"
CPPWA05A2000,d:\AutoSys 11.3\JRE_WA\bin\java.exe,java version "1.8.0_66"
CPPWA05A2000,d:\AutoSys 11.3\SystemAgent\autosys_dev\jre\bin\java.exe,java version "1.8.0_45"
CPPWA05A2000,d:\AutoSys 11.3\SystemAgent\autosys_prod\jre\bin\java.exe,java version "1.8.0_45"
CPPWA05A2000,d:\java\bin\java.exe,java version "1.8.0_131"
CPPWA05A2000,d:\Oracle\jdk\bin\java.exe,java version "1.6.0_37"
CPPWA05A2000,d:\Oracle\jdk\jre\bin\java.exe,java version "1.6.0_37"
CPPWA05A2000,d:\qosmon\jre1.8.0_102\bin\java.exe,java version "1.8.0_102"
CPPWA05A2000,d:\Sybase\jre64\bin\java.exe,java version "1.6.0_24"
CPPWA05A2000,d:\Sybase\Shared\JRE-6_0_24_32BIT\bin\java.exe,java version "1.6.0_24"
CPPWA05A2000,d:\Sybase\Shared\JRE-6_0_24_64BIT\bin\java.exe,java version "1.6.0_24"
CPPWA06A0008,c:\Program Files\Dell\SysMgt\jre\bin\java.exe,java version "1.8.0_74"
CPPWA06A0008,c:\Program Files\funb\packages\jre8_install\jre1.8.0_102\bin\java.exe,java version "1.8.0_102"
CPPWA06A0008,d:\IBM\Sym71Compute\soam\deploy\EMRT\MarketRisk_1MCR\Prod_1MCR\Prod_1MCR.v27\java\bin\java.exe,java version "1.8.0_131"
CPPWA06A0008,d:\qosmon\jre1.8.0_102\bin\java.exe,java version "1.8.0_102"
CPPWA06A1000,c:\java\bin\java.exe,java version "1.8.0_131"
CPPWA06A1000,c:\Program Files\Dell\SysMgt\jre\bin\java.exe,java version "1.8.0_74"
CPPWA06A1000,c:\qosmon\jre1.8.0_102\bin\java.exe,java version "1.8.0_102"
CPPWA06A2000,c:\AutoSys 11.3\JRE_WA\bin\java.exe,java version "1.8.0_66"
CPPWA06A2000,c:\AutoSys 11.3\SystemAgent\autosys_dev\jre\bin\java.exe,java version "1.8.0_45"
CPPWA06A2000,c:\AutoSys 11.3\SystemAgent\autosys_prod\jre\bin\java.exe,java version "1.8.0_45"
CPPWA06A2000,c:\IBM\Platform_SymphonyDE\DE71\jre\bin\java.exe,java version "1.7.0"
CPPWA06A2000,c:\Program Files\Dell\SysMgt\jre\bin\java.exe,java version "1.8.0_74"
CPPWA06A2000,c:\Program Files\Opsware\agent_tools\java\jre1.6.0_141-64\bin\java.exe,java version "1.6.0_141"
CPPWA06A2000,c:\Program Files\Opsware\agent_tools\java\jre1.6.0_151-32\bin\java.exe,java version "1.6.0_151"
CPPWA06A2000,c:\Program Files\Opsware\agent_tools\java\jre1.6.0_151-64\bin\java.exe,java version "1.6.0_151"
CPPWA06A2000,c:\Program Files\Opsware\agent_tools\java\jre1.8.0_121-64\bin\java.exe,java version "1.8.0_121"
CPPWA06A2000,c:\Program Files\Opsware\agent_tools\java\jre1.8.0_131-32\bin\java.exe,java version "1.8.0_131"
CPPWA06A2000,c:\Program Files\Opsware\agent_tools\java\jre1.8.0_131-64\bin\java.exe,java version "1.8.0_131"
CPPWA06A2000,c:\Program Files\VERITAS\VERITAS Object Bus\jre\bin\java.exe,java version "1.7.0_05"
CPPWA06A2000,c:\Program Files (x86)\QLogic Corporation\SANsurfer\jre\bin\java.exe,java version "1.6.0_13"
CPPWA06A2000,c:\qosmon\jre1.8.0_102\bin\java.exe,java version "1.8.0_102"
CPPWA06A2000,c:\RiskServiceInstall\java\bin\java.exe,java version "1.5.0_22"
CPPWA06A2000,f:\MarsappsBkp\Marsapps\exeformars\j2sdk\bin\java.exe,java version "1.4.2_11"
CPPWA06A2000,f:\MarsappsBkp\Marsapps\exeformars\j2sdk\jre\bin\java.exe,java version "1.4.2_11"
CPPWA06A2000,f:\Production_BackupBy_release\MARS\20170217\java\bin\java.exe,java version "1.8.0_112"
CPPWA06A2000,f:\Production_BackupBy_release\MARS\20170317\java\bin\java.exe,java version "1.8.0_112"
CPPWA06A2000,f:\Production_BackupBy_release\MARS\20170526\java\bin\java.exe,java version "1.8.0_121"
CPPWA06A2000,f:\Production_BackupBy_release\MARS\20170623\java\bin\java.exe,java version "1.8.0_121"
CPPWA06A2000,f:\Production_BackupBy_release\MARS\20170721\java\bin\java.exe,java version "1.8.0_131"
CPPWA06A2000,f:\Production_BackupBy_release\MARS\20170818\java\bin\java.exe,java version "1.8.0_131"
CPPWA06A2000,f:\Production_BackupBy_release\MARS\20170825\java\bin\java.exe,java version "1.8.0_131"
CPPWA06A2000,f:\Production_BackupBy_release\MARS\20170825\RVFSlaveLib-sym\java\bin\java.exe,java version "1.8.0_131"
CPPWA06A2000,f:\Production_BackupBy_release\RVF\20161216\java\bin\java.exe,java version "1.8.0_92"
CPPWA06A2000,f:\Production_BackupBy_release\RVF\20170120\java\bin\java.exe,java version "1.8.0_92"
CPPWA06A2000,f:\Production_BackupBy_release\RVF\20170623\java\bin\java.exe,java version "1.8.0_121"
CPPWA06A2000,f:\Production_BackupBy_release\RVF\20170818\java\bin\java.exe,java version "1.8.0_131"
CPPWA06A2000,f:\Production_BackupBy_release\RVF\20170825\java\bin\java.exe,java version "1.8.0_131"
CPPWA06A2000,f:\Production_BackupBy_release\RVF\AC release\java\bin\java.exe,java version "1.7.0_05"
CPPWA06A2000,f:\Production_BackupBy_release\RVF\AC release\RiskServiceInstall\java\bin\java.exe,java version "1.7.0"
CPPWA06A2000,f:\RiskService\RiskServiceInstall\jre1.5.0_06\bin\java.exe,java version "1.5.0_06"
CPPWA06A2000,f:\RiskService_sr\RiskServiceInstall\jre1.5.0_06\bin\java.exe,java version "1.5.0_06"
CPPWA06A2000,h:\$RECYCLE.BIN\S-1-5-21-1123561945-1708537768-1801674531-3506008\$R3E4Z4A\java\bin\java.exe,java version "1.6.0_26"
CPPWA06A2000,h:\$RECYCLE.BIN\S-1-5-21-1123561945-1708537768-1801674531-3506008\$R3E4Z4A\Riskservice_test\java\bin\java.exe,java version "1.5.0_06"
CPPWA06A2000,h:\$RECYCLE.BIN\S-1-5-21-1123561945-1708537768-1801674531-3506008\$R9EPY3H\java\bin\java.exe,java version "1.5.0_06"
CPPWA06A2000,h:\$RECYCLE.BIN\S-1-5-21-1123561945-1708537768-1801674531-3506008\$R9EPY3H\Marsapps\java\bin\java.exe,java version "1.6.0_26"
CPPWA06A2000,h:\$RECYCLE.BIN\S-1-5-21-1123561945-1708537768-1801674531-3506008\$RGY07QO\java\bin\java.exe,java version "1.5.0_06"
CPPWA06A2000,h:\$RECYCLE.BIN\S-1-5-21-1123561945-1708537768-1801674531-3506008\$ROL6RUU\java\bin\java.exe,java version "1.5.0_06"
CPPWA06A2000,h:\$RECYCLE.BIN\S-1-5-21-1123561945-1708537768-1801674531-3506008\$RTA28Q9\RiskServiceInstall\java\bin\java.exe,java version "1.5.0_06"
CPPWA06A2000,h:\RECYCLER\S-1-5-21-1358136621-3677940074-390540537-6122\Dh2\RiskServiceInstall\jre1.5.0_06\bin\java.exe,java version "1.5.0_06"
CPPWA06A2000,i:\MarsFilePositions\WFHM\datastudio\jre\bin\java.exe,java version "1.5.0_06"
CPPWA06A2000,i:\RiskService_prod\Deployment\Rel_17-01-20170127_Java_rev_79404_buildlife_990998\java\bin\java.exe,java version "1.8.0_112"
CPPWA06A2000,i:\RiskService_prod\Deployment\Rel_17-01-20170127_Java_rev_79473_buildlife_997071\java\bin\java.exe,java version "1.8.0_112"
CPPWA06A2000,i:\RiskService_prod\Deployment\Rel_17-01_Java_rev_79063_buildlife_981846\java\bin\java.exe,java version "1.8.0_112"
CPPWA06A2000,i:\RiskService_prod\Deployment\Rel_17-02-20170224_Java_rev_80508_buildlife_1037073\java\bin\java.exe,java version "1.8.0_112"
CPPWA06A2000,i:\RiskService_prod\Deployment\Rel_17-02_Java_rev_80234_buildlife_1026520\java\bin\java.exe,java version "1.8.0_112"
CPPWA06A2000,i:\RiskService_prod\Deployment\Rel_17-03-20170324_Java_rev_81619_buildlife_1080022\java\bin\java.exe,java version "1.8.0_112"
CPPWA06A2000,i:\RiskService_prod\Deployment\Rel_17-03_Java_rev_81297_buildlife_1067891_patch\java\bin\java.exe,java version "1.8.0_112"
CPPWA06A2000,i:\RiskService_prod\Deployment\Rel_17-03_Java_rev_81350_buildlife_1068576\java\bin\java.exe,java version "1.8.0_112"
CPPWA06A2000,i:\RiskService_prod\Deployment\Rel_17-04-20170421_Java_rev_82562_buildlife_1126221\java\bin\java.exe,java version "1.8.0_121"
CPPWA06A2000,i:\RiskService_prod\Deployment\Rel_17-04_Java_rev_82164_buildlife_1110492\java\bin\java.exe,java version "1.8.0_121"
CPPWA06A2000,i:\RiskService_prod\Deployment\Rel_17-05-20170526_Java_rev_83952_buildlife_1178797\java\bin\java.exe,java version "1.8.0_121"
CPPWA06A2000,i:\RiskService_prod\Deployment\Rel_17-05_Java_rev_83491_buildlife_1166786\java\bin\java.exe,java version "1.8.0_121"
CPPWA06A2000,i:\RiskService_prod\Deployment\Rel_17-06_Java_rev_85340_buildlife_1223087\java\bin\java.exe,java version "1.8.0_131"
CPPWA06A2000,i:\RiskService_prod\Deployment\Rel_17-07_Java_rev_86786_buildlife_1269693\java\bin\java.exe,java version "1.8.0_131"
CPPWA06A2000,i:\RiskService_prod\Deployment\Rel_17-07_Java_rev_86786_buildlife_1269693\RVFSlaveLib-sym\java\bin\java.exe,java version "1.8.0_131"
CPPWA06A2000,i:\RiskService_prod\Deployment\Rel_17-07_Java_rev_87037_buildlife_1278359\java\bin\java.exe,java version "1.8.0_131"
CPPWA06A2000,i:\RiskService_prod\Deployment\Rel_17-07_Java_rev_87037_buildlife_1278359\RVFSlaveLib-sym\java\bin\java.exe,java version "1.8.0_131"
CPPWA06A2000,i:\RiskService_prod\Deployment\Rel_17-08-20170825_Java_rev_88525_buildlife_1328665\java\bin\java.exe,java version "1.8.0_131"
CPPWA06A2000,i:\RiskService_prod\Deployment\Rel_17-08-20170825_Java_rev_88525_buildlife_1328665\RVFSlaveLib-sym\java\bin\java.exe,java version "1.8.0_131"
CPPWA06A2000,i:\RiskService_prod\Deployment\Rel_17-08_Java_rev_88229_buildlife_1317746\java\bin\java.exe,java version "1.8.0_131"
CPPWA06A2000,i:\RiskService_prod\Deployment\Rel_17-08_Java_rev_88229_buildlife_1317746\RVFSlaveLib-sym\java\bin\java.exe,java version "1.8.0_131"
CPPWA06A2000,i:\RiskService_prod\java\bin\java.exe,java version "1.8.0_131"
CPPWA06A2000,i:\RiskService_prod\Marsapps\marsLatestBuild\java\bin\java.exe,java version "1.8.0_131"
CPPWA06A2000,i:\RiskService_prod\Marsapps\marsLatestBuild\RVFSlaveLib-sym\java\bin\java.exe,java version "1.8.0_131"
CPPWA07A0008,c:\Program Files\Dell\SysMgt\jre\bin\java.exe,java version "1.8.0_74"
CPPWA07A0008,c:\Program Files\funb\packages\jre8_install\jre1.8.0_102\bin\java.exe,java version "1.8.0_102"
CPPWA07A0008,d:\IBM\Sym71Compute\soam\deploy\EMRT\MarketRisk_1MCR\Prod_1MCR\Prod_1MCR.v27\java\bin\java.exe,java version "1.8.0_131"
CPPWA07A0008,d:\qosmon\jre1.8.0_102\bin\java.exe,java version "1.8.0_102"
CPPWA07A1000,c:\java\bin\java.exe,java version "1.8.0_131"
CPPWA07A1000,c:\Program Files\Dell\SysMgt\jre\bin\java.exe,java version "1.8.0_74"
CPPWA07A1000,c:\qosmon\jre1.8.0_102\bin\java.exe,java version "1.8.0_102"
CPPWA07A2000,c:\java\bin\java.exe,java version "1.8.0_131"
CPPWA07A2000,c:\Program Files\Dell\SysMgt\jre\bin\java.exe,java version "1.7.0_72"
CPPWA07A2000,c:\Program Files\funb\packages\jre8_install\jre1.8.0_102\bin\java.exe,java version "1.8.0_102"
CPPWA07A2000,c:\Program Files\funb\packages\NetProbe3.0.16\jre1.6.0_45\bin\java.exe,java version "1.6.0_45"
CPPWA07A2000,c:\qosmon\jre1.6.0_45\bin\java.exe,java version "1.6.0_45"
CPPWA07A2000,d:\$RECYCLE.BIN\S-1-5-21-1123561945-1708537768-1801674531-3472020\$RKNZIM5\jre64\bin\java.exe,java version "1.6.0_24"
CPPWA07A2000,d:\$RECYCLE.BIN\S-1-5-21-1123561945-1708537768-1801674531-3472020\$RKNZIM5\Shared\JRE-6_0_24_32BIT\bin\java.exe,java version "1.6.0_24"
CPPWA07A2000,d:\$RECYCLE.BIN\S-1-5-21-1123561945-1708537768-1801674531-3472020\$RKNZIM5\Shared\JRE-6_0_24_64BIT\bin\java.exe,java version "1.6.0_24"
CPPWA07A2000,d:\AutoSys 11.3\JRE_WA\bin\java.exe,java version "1.8.0_66"
CPPWA07A2000,d:\AutoSys 11.3\SystemAgent\autosys_dev\jre\bin\java.exe,java version "1.8.0_45"
CPPWA07A2000,d:\AutoSys 11.3\SystemAgent\autosys_prod\jre\bin\java.exe,java version "1.8.0_45"
CPPWA07A2000,d:\java\bin\java.exe,java version "1.8.0_131"
CPPWA07A2000,d:\Oracle\product\12.1.0\client_1\jdk\bin\java.exe,java version "1.6.0_37"
CPPWA07A2000,d:\Oracle\product\12.1.0\client_1\jdk\jre\bin\java.exe,java version "1.6.0_37"
CPPWA07A2000,d:\qosmon\install-netprobe-3.0.16-windows-20140207\jre1.6.0_45\bin\java.exe,java version "1.6.0_45"
CPPWA07A2000,d:\qosmon\jre1.6.0_45\bin\java.exe,java version "1.6.0_45"
CPPWA07A2000,d:\qosmon\jre1.8.0_102\bin\java.exe,java version "1.8.0_102"
CPPWA07A2000,d:\Sybase157\jre32\bin\java.exe,java version "1.6.0_24"
CPPWA07A2000,d:\Sybase157\jre64\bin\java.exe,java version "1.6.0_24"
CPPWA07A2000,d:\Sybase157\Shared\JRE-6_0_24_32BIT\bin\java.exe,java version "1.6.0_24"
CPPWA07A2000,d:\Sybase157\Shared\JRE-6_0_24_64BIT\bin\java.exe,java version "1.6.0_24"
CPPWA08A0008,c:\Program Files\Dell\SysMgt\jre\bin\java.exe,java version "1.8.0_74"
CPPWA08A0008,c:\Program Files\funb\packages\jre8_install\jre1.8.0_102\bin\java.exe,java version "1.8.0_102"
CPPWA08A0008,d:\IBM\Sym71Compute\soam\deploy\EMRT\MarketRisk_1MCR\Prod_1MCR\Prod_1MCR.v27\java\bin\java.exe,java version "1.8.0_131"
CPPWA08A0008,d:\qosmon\jre1.8.0_102\bin\java.exe,java version "1.8.0_102"
CPPWA08A1000,c:\java\bin\java.exe,java version "1.8.0_131"
CPPWA08A1000,c:\Program Files\Dell\SysMgt\jre\bin\java.exe,java version "1.8.0_74"
CPPWA08A1000,c:\Program Files\funb\packages\jre8_install\jre1.8.0_102\bin\java.exe,java version "1.8.0_102"
CPPWA08A1000,c:\qosmon\jre1.8.0_102\bin\java.exe,java version "1.8.0_102"
CPPWA08A2000,c:\java\bin\java.exe,java version "1.8.0_131"
CPPWA08A2000,c:\Program Files\Dell\SysMgt\jre\bin\java.exe,java version "1.8.0_74"
CPPWA08A2000,c:\Program Files\funb\packages\jre8_install\jre1.8.0_102\bin\java.exe,java version "1.8.0_102"
CPPWA08A2000,c:\Program Files\funb\packages\NetProbe3.0.16\jre1.6.0_45\bin\java.exe,java version "1.6.0_45"
CPPWA08A2000,c:\qosmon\jre1.6.0_45\bin\java.exe,java version "1.6.0_45"
CPPWA08A2000,d:\AutoSys 11.3\JRE_WA\bin\java.exe,java version "1.8.0_66"
CPPWA08A2000,d:\AutoSys 11.3\SystemAgent\autosys_dev\jre\bin\java.exe,java version "1.8.0_45"
CPPWA08A2000,d:\AutoSys 11.3\SystemAgent\autosys_prod\jre\bin\java.exe,java version "1.8.0_45"
CPPWA08A2000,d:\java\bin\java.exe,java version "1.8.0_131"
CPPWA08A2000,d:\Oracle\jdk\bin\java.exe,java version "1.6.0_37"
CPPWA08A2000,d:\Oracle\jdk\jre\bin\java.exe,java version "1.6.0_37"
CPPWA08A2000,d:\Oracle\product\12.1.0\client_1\jdk\bin\java.exe,java version "1.6.0_37"
CPPWA08A2000,d:\Oracle\product\12.1.0\client_1\jdk\jre\bin\java.exe,java version "1.6.0_37"
CPPWA08A2000,d:\qosmon\install-netprobe-3.0.16-windows-20140207\jre1.6.0_45\bin\java.exe,java version "1.6.0_45"
CPPWA08A2000,d:\qosmon\jre1.6.0_45\bin\java.exe,java version "1.6.0_45"
CPPWA08A2000,d:\qosmon\jre1.8.0_102\bin\java.exe,java version "1.8.0_102"
CPPWA08A2000,d:\Sybase157\jre64\bin\java.exe,java version "1.6.0_24"
CPPWA08A2000,d:\Sybase157\Shared\JRE-6_0_24_32BIT\bin\java.exe,java version "1.6.0_24"
CPPWA08A2000,d:\Sybase157\Shared\JRE-6_0_24_64BIT\bin\java.exe,java version "1.6.0_24"
CPPWA09A0008,c:\Program Files\Dell\SysMgt\jre\bin\java.exe,java version "1.8.0_74"
CPPWA09A0008,c:\Program Files\funb\packages\jre8_install\jre1.8.0_102\bin\java.exe,java version "1.8.0_102"
CPPWA09A0008,d:\IBM\Sym71Compute\soam\deploy\EMRT\MarketRisk_1MCR\Prod_1MCR\Prod_1MCR.v27\java\bin\java.exe,java version "1.8.0_131"
CPPWA09A0008,d:\qosmon\jre1.8.0_102\bin\java.exe,java version "1.8.0_102"
CPPWA09A1000,c:\java\bin\java.exe,java version "1.8.0_131"
CPPWA09A1000,c:\Program Files\Dell\SysMgt\jre\bin\java.exe,java version "1.8.0_74"
CPPWA09A1000,c:\Program Files\funb\packages\jre8_install\jre1.8.0_102\bin\java.exe,java version "1.8.0_102"
CPPWA09A1000,c:\qosmon\jre1.8.0_102\bin\java.exe,java version "1.8.0_102"
CPPWA09A2000,c:\java\bin\java.exe,java version "1.8.0_131"
CPPWA09A2000,c:\Program Files\Dell\SysMgt\jre\bin\java.exe,java version "1.8.0_74"
CPPWA09A2000,c:\qosmon\jre1.8.0_102\bin\java.exe,java version "1.8.0_91"
CPPWA09A2000,d:\$RECYCLE.BIN\S-1-5-21-1123561945-1708537768-1801674531-3472020\$RAT0S6R\bin\java.exe,java version "1.7.0_76"
CPPWA09A2000,d:\AutoSys 11.3\JRE_WA\bin\java.exe,java version "1.8.0_66"
CPPWA09A2000,d:\AutoSys 11.3\SystemAgent\autosys_dev\jre\bin\java.exe,java version "1.8.0_45"
CPPWA09A2000,d:\AutoSys 11.3\SystemAgent\autosys_prod\jre\bin\java.exe,java version "1.8.0_45"
CPPWA09A2000,d:\java\bin\java.exe,java version "1.8.0_131"
CPPWA09A2000,d:\Oracle\jdk\bin\java.exe,java version "1.6.0_37"
CPPWA09A2000,d:\Oracle\jdk\jre\bin\java.exe,java version "1.6.0_37"
CPPWA09A2000,d:\qosmon\jre1.8.0_102\bin\java.exe,java version "1.8.0_102"
CPPWA09A2000,d:\Sybase\jre64\bin\java.exe,java version "1.6.0_24"
CPPWA09A2000,d:\Sybase\Shared\JRE-6_0_24_32BIT\bin\java.exe,java version "1.6.0_24"
CPPWA09A2000,d:\Sybase\Shared\JRE-6_0_24_64BIT\bin\java.exe,java version "1.6.0_24"
CPPWA10A0008,c:\Program Files\Dell\SysMgt\jre\bin\java.exe,java version "1.8.0_74"
CPPWA10A0008,c:\Program Files\funb\packages\jre8_install\jre1.8.0_102\bin\java.exe,java version "1.8.0_102"
CPPWA10A0008,d:\IBM\Sym71Compute\soam\deploy\EMRT\MarketRisk_1MCR\Prod_1MCR\Prod_1MCR.v27\java\bin\java.exe,java version "1.8.0_131"
CPPWA10A0008,d:\qosmon\jre1.8.0_102\bin\java.exe,java version "1.8.0_102"
CPPWA10A1000,c:\Firmware1\System_Bundle_Windows_x64_PEM610_v616\java\windows\x86_64\bin\java.exe,java version "1.7.0_04"
CPPWA10A1000,c:\java\bin\java.exe,java version "1.8.0_131"
CPPWA10A1000,c:\Program Files\Dell\SysMgt\jre\bin\java.exe,java version "1.8.0_74"
CPPWA10A1000,c:\Program Files\funb\packages\jre8_install\jre1.8.0_102\bin\java.exe,java version "1.8.0_102"
CPPWA10A1000,c:\qosmon\jre1.8.0_102\bin\java.exe,java version "1.8.0_102"
CPPWA11A1000,c:\java\bin\java.exe,java version "1.8.0_131"
CPPWA11A1000,c:\Program Files\Dell\SysMgt\jre\bin\java.exe,java version "1.8.0_74"
CPPWA11A1000,c:\Program Files\funb\packages\jre8_install\jre1.8.0_102\bin\java.exe,java version "1.8.0_102"
CPPWA11A1000,c:\qosmon\jre1.8.0_102\bin\java.exe,java version "1.8.0_102"
CPPWA12A1000,c:\java\bin\java.exe,java version "1.8.0_131"
CPPWA12A1000,c:\Program Files\Dell\SysMgt\jre\bin\java.exe,java version "1.8.0_74"
CPPWA12A1000,c:\Program Files\funb\packages\jre8_install\jre1.8.0_102\bin\java.exe,java version "1.8.0_102"
CPPWA12A1000,c:\qosmon\jre1.8.0_102\bin\java.exe,java version "1.8.0_102"
CPPWA13A1000,c:\java\bin\java.exe,java version "1.8.0_131"
CPPWA13A1000,c:\Program Files\Dell\SysMgt\jre\bin\java.exe,java version "1.8.0_74"
CPPWA13A1000,c:\Program Files\funb\packages\jre8_install\jre1.8.0_102\bin\java.exe,java version "1.8.0_102"
CPPWA13A1000,c:\qosmon\jre1.8.0_102\bin\java.exe,java version "1.8.0_102"
CPPWA14A1000,c:\java\bin\java.exe,java version "1.8.0_131"
CPPWA14A1000,c:\Program Files\Dell\SysMgt\jre\bin\java.exe,java version "1.8.0_74"
CPPWA14A1000,c:\Program Files\funb\packages\jre8_install\jre1.8.0_102\bin\java.exe,java version "1.8.0_102"
CPPWA14A1000,c:\qosmon\jre1.8.0_102\bin\java.exe,java version "1.8.0_102"
CPPWA15A1000,c:\java\bin\java.exe,java version "1.8.0_131"
CPPWA15A1000,c:\Program Files\Dell\SysMgt\jre\bin\java.exe,java version "1.8.0_74"
CPPWA15A1000,c:\Program Files\funb\packages\jre8_install\jre1.8.0_102\bin\java.exe,java version "1.8.0_102"
CPPWA15A1000,c:\qosmon\jre1.8.0_102\bin\java.exe,java version "1.8.0_102"
CPPWA16A1000,c:\java\bin\java.exe,java version "1.8.0_131"
CPPWA16A1000,c:\Program Files\Dell\SysMgt\jre\bin\java.exe,java version "1.8.0_74"
CPPWA16A1000,c:\Program Files\funb\packages\jre8_install\jre1.8.0_102\bin\java.exe,java version "1.8.0_102"
CPPWA16A1000,c:\qosmon\jre1.8.0_102\bin\java.exe,java version "1.8.0_102"
CPPWA17A1000,c:\Firmware1\System_Bundle_Windows_x64_PEM610_v616\java\windows\x86_64\bin\java.exe,java version "1.7.0_04"
CPPWA17A1000,c:\java\bin\java.exe,java version "1.8.0_131"
CPPWA17A1000,c:\Program Files\Dell\SysMgt\jre\bin\java.exe,java version "1.8.0_74"
CPPWA17A1000,c:\Program Files\funb\packages\jre8_install\jre1.8.0_102\bin\java.exe,java version "1.8.0_102"
CPPWA17A1000,c:\qosmon\jre1.8.0_102\bin\java.exe,java version "1.8.0_102"
CPPWA18A1000,c:\Firmware1\System_Bundle_Windows_x64_PEM610_v616\java\windows\x86_64\bin\java.exe,java version "1.7.0_04"
CPPWA18A1000,c:\java\bin\java.exe,java version "1.8.0_131"
CPPWA18A1000,c:\Program Files\Dell\SysMgt\jre\bin\java.exe,java version "1.8.0_74"
CPPWA18A1000,c:\Program Files\funb\packages\jre8_install\jre1.8.0_102\bin\java.exe,java version "1.8.0_102"
CPPWA18A1000,c:\qosmon\jre1.8.0_102\bin\java.exe,java version "1.8.0_102"
CPPWA19A1000,c:\Firmware1\System_Bundle_Windows_x64_PEM610_v616\java\windows\x86_64\bin\java.exe,java version "1.7.0_04"
CPPWA19A1000,c:\java\bin\java.exe,java version "1.8.0_131"
CPPWA19A1000,c:\Program Files\Dell\SysMgt\jre\bin\java.exe,java version "1.8.0_74"
CPPWA19A1000,c:\Program Files\funb\packages\jre8_install\jre1.8.0_102\bin\java.exe,java version "1.8.0_102"
CPPWA19A1000,d:\qosmon\jre1.8.0_102\bin\java.exe,java version "1.8.0_102"
CPPWA20A1000,c:\Firmware1\System_Bundle_Windows_x64_PEM610_v616\java\windows\x86_64\bin\java.exe,java version "1.7.0_04"
CPPWA20A1000,c:\java\bin\java.exe,java version "1.8.0_131"
CPPWA20A1000,c:\Program Files\Dell\SysMgt\jre\bin\java.exe,java version "1.8.0_74"
CPPWA20A1000,c:\Program Files\funb\packages\jre8_install\jre1.8.0_102\bin\java.exe,java version "1.8.0_102"
CPPWA20A1000,d:\qosmon\jre1.8.0_102\bin\java.exe,java version "1.8.0_102"
CPPWA21A1000,c:\java\bin\java.exe,java version "1.8.0_131"
CPPWA21A1000,c:\Program Files\Dell\SysMgt\jre\bin\java.exe,java version "1.8.0_74"
CPPWA21A1000,c:\Program Files\funb\packages\jre8_install\jre1.8.0_102\bin\java.exe,java version "1.8.0_102"
CPPWA21A1000,d:\qosmon\jre1.8.0_102\bin\java.exe,java version "1.8.0_102"
CPPWA22A1000,c:\java\bin\java.exe,java version "1.8.0_131"
CPPWA22A1000,c:\Program Files\Dell\SysMgt\jre\bin\java.exe,java version "1.8.0_74"
CPPWA22A1000,c:\Program Files\funb\packages\jre8_install\jre1.8.0_102\bin\java.exe,java version "1.8.0_102"
CPPWA22A1000,d:\qosmon\jre1.8.0_102\bin\java.exe,java version "1.8.0_102"
CPPWA23A1000,c:\java\bin\java.exe,java version "1.8.0_131"
CPPWA23A1000,c:\Program Files\Dell\SysMgt\jre\bin\java.exe,java version "1.8.0_74"
CPPWA23A1000,c:\Program Files\funb\packages\jre8_install\jre1.8.0_102\bin\java.exe,java version "1.8.0_102"
CPPWA23A1000,d:\qosmon\jre1.8.0_102\bin\java.exe,java version "1.8.0_102"
CPPWA24A1000,c:\java\bin\java.exe,java version "1.8.0_131"
CPPWA24A1000,c:\Program Files\Dell\SysMgt\jre\bin\java.exe,java version "1.8.0_74"
CPPWA24A1000,c:\Program Files\funb\packages\jre8_install\jre1.8.0_102\bin\java.exe,java version "1.8.0_102"
CPPWA24A1000,d:\qosmon\jre1.8.0_102\bin\java.exe,java version "1.8.0_102"
CPPWA25A1000,c:\Firmware1\System_Bundle_Windows_x64_PEM610_v616\java\windows\x86_64\bin\java.exe,java version "1.7.0_04"
CPPWA25A1000,c:\java\bin\java.exe,java version "1.8.0_131"
CPPWA25A1000,c:\Program Files\Dell\SysMgt\jre\bin\java.exe,java version "1.8.0_74"
CPPWA25A1000,c:\Program Files\funb\packages\jre8_install\jre1.8.0_102\bin\java.exe,java version "1.8.0_102"
CPPWA25A1000,d:\qosmon\jre1.8.0_102\bin\java.exe,java version "1.8.0_102"
CPPWA26A1000,c:\java\bin\java.exe,java version "1.8.0_131"
CPPWA26A1000,c:\Program Files\Dell\SysMgt\jre\bin\java.exe,java version "1.8.0_74"
CPPWA26A1000,c:\Program Files\funb\packages\jre8_install\jre1.8.0_102\bin\java.exe,java version "1.8.0_102"
CPPWA26A1000,c:\Users\ru110450\AppData\Local\Temp\221352173\java\windows\x86_64\bin\java.exe,java version "1.7.0_04"
CPPWA26A1000,d:\qosmon\jre1.8.0_102\bin\java.exe,java version "1.8.0_102"
CPPWA27A1000,c:\java\bin\java.exe,java version "1.8.0_131"
CPPWA27A1000,c:\Program Files\Dell\SysMgt\jre\bin\java.exe,java version "1.8.0_74"
CPPWA27A1000,c:\Program Files\funb\packages\jre8_install\jre1.8.0_102\bin\java.exe,java version "1.8.0_102"
CPPWA27A1000,d:\qosmon\jre1.8.0_102\bin\java.exe,java version "1.8.0_102"
CPPWA28A1000,c:\java\bin\java.exe,java version "1.8.0_131"
CPPWA28A1000,c:\Program Files\Dell\SysMgt\jre\bin\java.exe,java version "1.8.0_74"
CPPWA28A1000,c:\Program Files\funb\packages\jre8_install\jre1.8.0_102\bin\java.exe,java version "1.8.0_102"
CPPWA28A1000,d:\qosmon\jre1.8.0_102\bin\java.exe,java version "1.8.0_102"
